Date,spy,bnd,qqq
2020-04-09,258.6645202636719,76.00691223144531,194.9241485595703
2020-04-13,256.302978515625,75.76361846923828,197.02999877929688
2020-04-14,263.8620300292969,75.76361846923828,205.59906005859375
2020-04-15,258.2555236816406,76.13720703125,203.2408447265625
2020-04-16,259.5013427734375,76.18067169189453,206.947998046875
2020-04-17,266.51190185546875,76.07640838623047,208.92767333984375
2020-04-20,261.8165283203125,75.95476531982422,206.4530792236328
2020-04-21,253.86691284179688,76.05032348632812,198.83502197265625
2020-04-22,259.5013427734375,75.98951721191406,204.7353515625
2020-04-23,259.48272705078125,76.11115264892578,204.2986602783203
2020-04-24,263.09967041015625,76.08512115478516,207.52056884765625
2020-04-27,266.89312744140625,75.81572723388672,209.18972778320312
2020-04-28,265.66583251953125,76.04167175292969,205.24972534179688
2020-04-29,272.62054443359375,76.09378051757812,212.52806091308594
2020-04-30,270.0823669433594,76.03295135498047,212.440673828125
2020-05-01,262.9322814941406,76.00162506103516,206.4530792236328
2020-05-04,263.65753173828125,76.07997131347656,208.8597412109375
2020-05-05,266.0935363769531,76.01032257080078,211.22764587402344
2020-05-06,264.2897644042969,75.67079162597656,212.52806091308594
2020-05-07,267.4788818359375,75.91458129882812,215.26473999023438
2020-05-08,271.9046630859375,75.69690704345703,218.21485900878906
2020-05-11,271.96038818359375,75.46185302734375,220.16551208496094
2020-05-12,266.5397644042969,75.70563507080078,215.5558624267578
2020-05-13,261.8257751464844,75.79267883300781,212.85800170898438
2020-05-14,264.9591979980469,76.00162506103516,215.27444458007812
2020-05-15,266.1772155761719,76.04515075683594,216.671875
2020-05-18,274.2848815917969,75.90586853027344,220.70892333984375
2020-05-19,271.4675598144531,76.00162506103516,220.15577697753906
2020-05-20,276.079345703125,76.20185852050781,224.55191040039062
2020-05-21,274.17333984375,76.28018951416016,222.10638427734375
2020-05-22,274.694091796875,76.30633544921875,222.87301635742188
2020-05-26,278.0783386230469,76.26280975341797,222.27133178710938
2020-05-27,282.2158203125,76.29761505126953,223.48439025878906
2020-05-28,281.6951599121094,76.32374572753906,223.1932830810547
2020-05-29,282.9503479003906,76.54136657714844,226.4636688232422
2020-06-01,284.09405517578125,76.47946166992188,227.14295959472656
2020-06-02,286.44635009765625,76.54048919677734,228.66661071777344
2020-06-03,290.25848388671875,76.3660659790039,229.6952667236328
2020-06-04,289.4960632324219,76.18286895751953,228.08438110351562
2020-06-05,296.9156799316406,76.17416381835938,232.60662841796875
2020-06-08,300.504638671875,76.25267028808594,234.41163635253906
2020-06-09,298.2638854980469,76.30500030517578,236.10992431640625
2020-06-10,296.59954833984375,76.62772369384766,238.9436492919922
2020-06-11,279.5008850097656,76.48821258544922,227.1042022705078
2020-06-12,282.84814453125,76.5666732788086,228.9092254638672
2020-06-15,285.4886779785156,76.72370147705078,231.69439697265625
2020-06-16,290.9836120605469,76.62772369384766,235.6732177734375
2020-06-17,289.7749328613281,76.64521789550781,236.42047119140625
2020-06-18,289.8865051269531,76.73240661621094,237.06094360351562
2020-06-19,288.2298889160156,76.75859069824219,237.02218627929688
2020-06-22,290.0789489746094,76.73240661621094,239.86463928222656
2020-06-23,291.4143981933594,76.69750213623047,241.9061737060547
2020-06-24,283.98077392578125,76.70624542236328,236.9191131591797
2020-06-25,287.02520751953125,76.78472137451172,239.1744384765625
2020-06-26,280.20794677734375,76.92431640625,233.5263671875
2020-06-29,284.3262939453125,76.97664642333984,236.07330322265625
2020-06-30,287.9683532714844,77.05512237548828,240.70071411132812
2020-07-01,289.985595703125,77.07433319091797,243.5102081298828
2020-07-02,291.58245849609375,77.1966781616211,245.1627960205078
2020-07-06,296.0837097167969,77.17045593261719,251.1900634765625
2020-07-07,293.02996826171875,77.29283142089844,249.4596405029297
2020-07-08,295.271240234375,77.24910736083984,252.7454376220703
2020-07-09,293.59027099609375,77.4588623046875,254.8744354248047
2020-07-10,296.5879821777344,77.3714828491211,256.6144714355469
2020-07-13,294.0198974609375,77.40645599365234,251.33592224121094
2020-07-14,297.830078125,77.50253295898438,253.11488342285156
2020-07-15,300.5662841796875,77.51126861572266,253.63011169433594
2020-07-16,299.5763854980469,77.56373596191406,251.89971923828125
2020-07-17,300.4449462890625,77.64238739013672,252.19139099121094
2020-07-20,302.8728942871094,77.72101593017578,259.3463134765625
2020-07-21,303.5173645019531,77.76470947265625,256.6437072753906
2020-07-22,305.24493408203125,77.86956787109375,257.5478515625
2020-07-23,301.6029052734375,77.9394760131836,250.82066345214844
2020-07-24,299.6604919433594,77.92201232910156,248.43887329101562
2020-07-27,301.8457336425781,77.86956787109375,252.87188720703125
2020-07-28,299.9312744140625,77.90451049804688,249.65408325195312
2020-07-29,303.6200866699219,78.02689361572266,252.5315704345703
2020-07-30,302.53680419921875,78.0705795288086,253.85366821289062
2020-07-31,304.927490234375,78.1754379272461,258.3838806152344
2020-08-03,307.04736328125,78.14830017089844,261.8738708496094
2020-08-04,308.2333984375,78.31462860107422,262.8459167480469
2020-08-05,310.1478271484375,78.20957946777344,263.49725341796875
2020-08-06,312.22100830078125,78.33216094970703,266.9872741699219
2020-08-07,312.4451904296875,78.24458312988281,263.9056091308594
2020-08-10,313.3790588378906,78.15704345703125,262.7778625488281
2020-08-11,310.79217529296875,77.88565826416016,257.80059814453125
2020-08-12,315.12530517578125,77.68431091308594,264.28466796875
2020-08-13,314.5556945800781,77.43045806884766,264.887451171875
2020-08-14,314.5650329589844,77.34288024902344,264.5762939453125
2020-08-17,315.5642395019531,77.43921661376953,267.6483154296875
2020-08-18,316.2460021972656,77.54429626464844,270.2244873046875
2020-08-19,314.92919921875,77.41293334960938,268.4065856933594
2020-08-20,315.9097595214844,77.54429626464844,272.1298828125
2020-08-21,317.03045654296875,77.71058654785156,274.0157775878906
2020-08-24,320.24298095703125,77.623046875,275.7267150878906
2020-08-25,321.36358642578125,77.4742202758789,277.8946228027344
2020-08-26,324.5854797363281,77.43045806884766,283.82464599609375
2020-08-27,325.29522705078125,77.15032196044922,282.94000244140625
2020-08-28,327.3964538574219,77.21158599853516,284.3787841796875
2020-08-31,326.2104187011719,77.43921661376953,286.66326904296875
2020-09-01,329.28289794921875,77.65233612060547,291.5628356933594
2020-09-02,334.04559326171875,77.81891632080078,294.3236389160156
2020-09-03,322.5496826171875,77.82767486572266,279.4013977050781
2020-09-04,319.9161071777344,77.3717041015625,275.6781311035156
2020-09-08,311.1750793457031,77.48567199707031,262.42791748046875
2020-09-09,317.3199768066406,77.43305969238281,270.1370544433594
2020-09-10,311.8101501464844,77.45059967041016,264.7513732910156
2020-09-11,311.9689025878906,77.52954864501953,262.9139709472656
2020-09-14,316.0779113769531,77.52954864501953,267.4927062988281
2020-09-15,317.6748352050781,77.5733871459961,271.2840576171875
2020-09-16,316.4141540527344,77.55583190917969,266.9580078125
2020-09-17,313.63116455078125,77.55583190917969,262.7876892089844
2020-09-18,310.0203552246094,77.46813201904297,259.43377685546875
2020-09-21,306.5700378417969,77.51200103759766,260.0559387207031
2020-09-22,309.69219970703125,77.53826904296875,264.887451171875
2020-09-23,302.5101318359375,77.3629150390625,256.79931640625
2020-09-24,303.3165283203125,77.3717041015625,257.9949951171875
2020-09-25,308.2201843261719,77.3629150390625,263.9930725097656
2020-09-28,313.339599609375,77.43305969238281,269.4759216308594
2020-09-29,311.6330871582031,77.48567199707031,268.2607727050781
2020-09-30,313.9959411621094,77.3629150390625,270.0980529785156
2020-10-01,316.01177978515625,77.44195556640625,274.38519287109375
2020-10-02,313.0113525390625,77.38924407958984,266.6664123535156
2020-10-05,318.5621032714844,77.099365234375,272.3534240722656
2020-10-06,314.03338623046875,77.2048110961914,267.4927062988281
2020-10-07,319.4996337890625,77.099365234375,272.1200866699219
2020-10-08,322.33123779296875,77.23114013671875,273.5685729980469
2020-10-09,325.209716796875,77.24872589111328,277.7487487792969
2020-10-12,330.4415283203125,77.3628921508789,286.3230285644531
2020-10-13,328.2850646972656,77.42439270019531,286.31329345703125
2020-10-14,326.2222900390625,77.46834564208984,283.9219055175781
2020-10-15,325.8191223144531,77.42439270019531,282.0164794921875
2020-10-16,325.6223449707031,77.3628921508789,280.470703125
2020-10-19,320.671630859375,77.29261016845703,275.8919677734375
2020-10-20,321.9561767578125,77.160888671875,276.4850158691406
2020-10-21,321.3468017578125,77.07302856445312,276.2711486816406
2020-10-22,323.10943603515625,76.94123840332031,276.2613830566406
2020-10-23,324.20635986328125,77.03790283203125,276.8058166503906
2020-10-26,318.2151794433594,77.15211486816406,272.65478515625
2020-10-27,317.11810302734375,77.33658599853516,274.78375244140625
2020-10-28,306.2793273925781,77.23114013671875,264.0708312988281
2020-10-29,309.3922424316406,77.06427001953125,268.6884460449219
2020-10-30,306.1669006347656,76.9324951171875,261.8738708496094
2020-11-02,309.59844970703125,77.03895568847656,262.4571228027344
2020-11-03,315.06475830078125,77.02135467529297,266.99700927734375
2020-11-04,322.1062316894531,77.54934692382812,278.9154357910156
2020-11-05,328.38818359375,77.62852478027344,286.1868896484375
2020-11-06,328.3132019042969,77.45252990722656,286.4007263183594
2020-11-09,332.438720703125,77.09173583984375,280.5485534667969
2020-11-10,331.95111083984375,76.94217681884766,275.5226135253906
2020-11-11,334.4170227050781,76.99491882324219,281.68597412109375
2020-11-12,331.1728515625,77.25013732910156,280.36376953125
2020-11-13,335.7577819824219,77.27653503417969,282.8232727050781
2020-11-16,339.94891357421875,77.32054138183594,285.0300598144531
2020-11-17,338.1205139160156,77.45252990722656,284.1259765625
2020-11-18,334.0513610839844,77.54052734375,282.0261535644531
2020-11-19,335.4577941894531,77.69893646240234,284.23297119140625
2020-11-20,333.1605529785156,77.76927947998047,282.2886047363281
2020-11-23,335.15777587890625,77.70769500732422,282.29840087890625
2020-11-24,340.5583190917969,77.62852478027344,286.26470947265625
2020-11-25,340.03326416015625,77.59333038330078,288.0242614746094
2020-11-27,340.98028564453125,77.76049041748047,290.6782531738281
2020-11-30,339.4707336425781,77.8660888671875,291.271240234375
2020-12-01,343.18365478515625,77.63077545166016,295.0041809082031
2020-12-02,343.9056396484375,77.49858093261719,295.3833312988281
2020-12-03,343.8118591308594,77.64834594726562,295.80133056640625
2020-12-04,346.7746887207031,77.44570922851562,297.00677490234375
2020-12-07,346.0621032714844,77.55144500732422,298.6885986328125
2020-12-08,347.0747375488281,77.57787322998047,299.69964599609375
2020-12-09,343.9619140625,77.44570922851562,292.9140625
2020-12-10,343.849365234375,77.60433197021484,294.09039306640625
2020-12-11,343.44622802734375,77.72770690917969,293.4390563964844
2020-12-14,341.90850830078125,77.70127868652344,295.5679931640625
2020-12-15,346.53094482421875,77.7365493774414,298.7274475097656
2020-12-16,347.0747375488281,77.65723419189453,300.3703308105469
2020-12-17,349.0155944824219,77.67485046386719,302.3341064453125
2020-12-18,347.6220703125,77.64834594726562,301.4203186035156
2020-12-21,346.37908935546875,77.65723419189453,300.8564453125
2020-12-22,345.7952575683594,77.7806167602539,301.6744689941406
2020-12-23,346.1060485839844,77.69306945800781,300.1551818847656
2020-12-24,347.4525146484375,77.82569122314453,301.4796447753906
2020-12-28,350.4374694824219,77.79917907714844,304.518310546875
2020-12-29,349.7688903808594,77.82569122314453,304.7908935546875
2020-12-30,350.2679138183594,77.87877655029297,304.80072021484375
2020-12-31,352.0475769042969,77.98490905761719,305.550537109375
2021-01-04,347.2548522949219,77.87877655029297,301.2362060546875
2021-01-05,349.6465148925781,77.7461166381836,303.7196044921875
2021-01-06,351.73681640625,77.40125274658203,299.5124206542969
2021-01-07,356.9627685546875,77.24207305908203,306.7581481933594
2021-01-08,358.9966125488281,77.17131805419922,310.7025146484375
2021-01-11,356.57672119140625,77.09175109863281,306.2127990722656
2021-01-12,356.65203857421875,77.0740737915039,305.7259216308594
2021-01-13,357.61248779296875,77.27745056152344,307.79058837890625
2021-01-14,356.3600769042969,77.18019104003906,306.1446228027344
2021-01-15,353.76129150390625,77.24207305908203,303.7196044921875
2021-01-19,356.53900146484375,77.34821319580078,308.15087890625
2021-01-20,361.4731140136719,77.33935546875,315.3186340332031
2021-01-21,361.8025817871094,77.2332534790039,317.8411560058594
2021-01-22,360.52203369140625,77.2685775756836,316.9256896972656
2021-01-25,361.94384765625,77.44547271728516,319.5455017089844
2021-01-26,361.3788757324219,77.43663024902344,320.0129699707031
2021-01-27,352.546630859375,77.43663024902344,311.092041015625
2021-01-28,355.57855224609375,77.37472534179688,312.9326477050781
2021-01-29,348.4600524902344,77.31283569335938,306.3491516113281
2021-02-01,354.2604064941406,77.33849334716797,314.0040283203125
2021-02-02,359.2696838378906,77.24109649658203,319.126708984375
2021-02-03,359.5522155761719,77.10823822021484,317.8607177734375
2021-02-04,363.6387023925781,77.12593078613281,321.6198425292969
2021-02-05,365.0699157714844,77.0196762084961,322.7106018066406
2021-02-08,367.70648193359375,77.10823822021484,324.8726806640625
2021-02-09,367.4615783691406,77.07283020019531,324.8044738769531
2021-02-10,367.3016052246094,77.19678497314453,324.06439208984375
2021-02-11,367.894775390625,77.11709594726562,325.8465881347656
2021-02-12,369.71209716796875,76.91336822509766,327.66778564453125
2021-02-16,369.3919982910156,76.55026245117188,326.7815856933594
2021-02-17,369.47674560546875,76.70965576171875,325.2135925292969
2021-02-18,367.9041748046875,76.66536712646484,323.79168701171875
2021-02-19,367.2545166015625,76.39967346191406,322.3795166015625
2021-02-22,364.4296875,76.1871109008789,314.0234375
2021-02-23,364.87225341796875,76.16940307617188,313.0885925292969
2021-02-24,368.89288330078125,76.12511444091797,315.6693420410156
2021-02-25,360.0041198730469,75.46085357666016,304.6642761230469
2021-02-26,358.14910888671875,76.11625671386719,305.9401550292969
2021-03-01,366.8307800292969,76.01778411865234,315.1434631347656
2021-03-02,363.96832275390625,76.00894165039062,310.0888671875
2021-03-03,359.1473083496094,75.76944732666016,301.0901184082031
2021-03-04,354.7029113769531,75.5299301147461,296.1622009277344
2021-03-05,361.2281799316406,75.48558044433594,300.6226501464844
2021-03-08,359.4297180175781,75.1396484375,292.11077880859375
2021-03-09,364.5615234375,75.38797760009766,303.6319580078125
2021-03-10,366.8307800292969,75.5299301147461,302.7652587890625
2021-03-11,370.5501708984375,75.5387954711914,309.7383728027344
2021-03-12,371.04913330078125,75.08642578125,307.2256774902344
2021-03-15,373.26190185546875,75.17512512207031,310.5076904296875
2021-03-16,372.7911376953125,75.16622924804688,312.2120361328125
2021-03-17,374.06231689453125,75.1396484375,313.4974365234375
2021-03-18,368.6198425292969,74.82918548583984,303.89495849609375
2021-03-19,367.93780517578125,74.89127349853516,304.96630859375
2021-03-22,370.87567138671875,75.1041259765625,310.6853942871094
2021-03-23,367.9566955566406,75.27273559570312,309.3299255371094
2021-03-24,366.086181640625,75.38797760009766,304.11297607421875
2021-03-25,368.1456298828125,75.33478546142578,303.5864562988281
2021-03-26,374.0782165527344,75.2017593383789,308.1402893066406
2021-03-29,373.88934326171875,75.1041259765625,308.05255126953125
2021-03-30,372.89739990234375,75.18396759033203,306.5021057128906
2021-03-31,374.40887451171875,75.14851379394531,311.1924133300781
2021-04-01,378.4521179199219,75.39031982421875,316.4970703125
2021-04-05,383.88409423828125,75.27472686767578,322.81591796875
2021-04-06,383.65740966796875,75.54146575927734,322.5916748046875
2021-04-07,384.10137939453125,75.45259094238281,323.3717346191406
2021-04-08,385.9246520996094,75.62149810791016,326.7456359863281
2021-04-09,388.7303466796875,75.52368927001953,328.72515869140625
2021-04-12,388.8721008300781,75.50590515136719,328.296142578125
2021-04-13,390.0245666503906,75.70149993896484,332.12841796875
2021-04-14,388.69256591796875,75.64811706542969,328.14019775390625
2021-04-15,392.86810302734375,75.96818542480469,333.1133117675781
2021-04-16,394.1812438964844,75.76371765136719,333.5032653808594
2021-04-19,392.24456787109375,75.7192611694336,330.451171875
2021-04-20,389.372802734375,75.84371185302734,328.0426025390625
2021-04-21,393.05706787109375,75.92377471923828,330.85089111328125
2021-04-22,389.4671936035156,75.95932006835938,326.8627014160156
2021-04-23,393.69000244140625,75.96818542480469,330.9777526855469
2021-04-26,394.5118103027344,75.91484069824219,333.1328430175781
2021-04-27,394.42681884765625,75.7192611694336,331.6895751953125
2021-04-28,394.3134765625,75.75484466552734,330.5681457519531
2021-04-29,396.82635498046875,75.692626953125,331.7578430175781
2021-04-30,394.21905517578125,75.79927825927734,329.5832824707031
2021-05-03,395.0693054199219,75.81800079345703,327.8280944824219
2021-05-04,392.63189697265625,75.91590881347656,321.9285888671875
2021-05-05,392.7547912597656,75.96044158935547,320.84613037109375
2021-05-06,395.89111328125,75.99608612060547,323.2645568847656
2021-05-07,398.7723693847656,76.00495910644531,325.8876037597656
2021-05-10,394.8235778808594,75.8268814086914,317.65753173828125
2021-05-11,391.2999267578125,75.6755142211914,317.21875
2021-05-12,382.9866638183594,75.40839385986328,309.0081787109375
2021-05-13,387.5872802734375,75.55978393554688,311.3972473144531
2021-05-14,393.538818359375,75.73785400390625,318.2718200683594
2021-05-17,392.5374450683594,75.66661071777344,316.3410339355469
2021-05-18,389.15545654296875,75.58649444580078,314.2055358886719
2021-05-19,388.1351623535156,75.50634765625,314.56640625
2021-05-20,392.3107604980469,75.75566101074219,320.6512145996094
2021-05-21,391.98956298828125,75.7734375,318.8764343261719
2021-05-24,395.9856262207031,75.8625259399414,324.2395935058594
2021-05-25,395.1070251464844,76.05841064453125,324.6882019042969
2021-05-26,395.89111328125,76.03166961669922,325.81939697265625
2021-05-27,396.0989685058594,75.9248275756836,324.60040283203125
2021-05-28,396.8074951171875,75.91590881347656,325.62432861328125
2021-06-01,396.45794677734375,75.91056823730469,324.5419616699219
2021-06-02,397.0814208984375,75.99085235595703,325.1757507324219
2021-06-03,395.60772705078125,75.84817504882812,321.7920227050781
2021-06-04,399.22589111328125,76.15135192871094,327.25274658203125
2021-06-07,398.8385925292969,76.0978775024414,328.2278137207031
2021-06-08,398.9235534667969,76.24054718017578,328.3838806152344
2021-06-09,398.3283996582031,76.39214324951172,328.4619140625
2021-06-10,400.1800231933594,76.55268096923828,331.8847351074219
2021-06-11,400.84130859375,76.53482818603516,332.75244140625
2021-06-14,401.7388000488281,76.3386459350586,335.9411315917969
2021-06-15,401.0019836425781,76.3386459350586,333.7471008300781
2021-06-16,398.762939453125,76.12460327148438,332.5282287597656
2021-06-17,398.63079833984375,76.38322448730469,336.75048828125
2021-06-18,393.2530212402344,76.6240234375,334.1079406738281
2021-06-21,398.8827819824219,76.35648345947266,336.184326171875
2021-06-22,401.01531982421875,76.4634780883789,339.3182067871094
2021-06-23,400.531982421875,76.4100112915039,339.4841613769531
2021-06-24,402.9014587402344,76.44566345214844,341.58306884765625
2021-06-25,404.3325500488281,76.30299377441406,341.1632995605469
2021-06-28,405.147705078125,76.50810241699219,345.3124694824219
2021-06-29,405.3656921386719,76.54374694824219,346.56201171875
2021-06-30,405.70684814453125,76.59725189208984,346.0153503417969
2021-07-01,407.9530944824219,76.59012603759766,346.1520690917969
2021-07-02,411.0712890625,76.7240982055664,350.1253662109375
2021-07-06,410.3226318359375,77.0009994506836,351.6385803222656
2021-07-07,411.77264404296875,77.16175842285156,352.3805236816406
2021-07-08,408.4175720214844,77.23320770263672,350.25225830078125
2021-07-09,412.77734375,76.9920425415039,352.43914794921875
2021-07-12,414.255859375,76.96527099609375,353.815673828125
2021-07-13,412.8435974121094,76.7240982055664,353.815673828125
2021-07-14,413.4596862792969,76.98312377929688,354.4501953125
2021-07-15,412.04754638671875,77.17070007324219,351.9607238769531
2021-07-16,408.8155822753906,77.0992202758789,349.1100769042969
2021-07-19,402.77825927734375,77.5368881225586,346.2496032714844
2021-07-20,408.5501708984375,77.45649719238281,350.27178955078125
2021-07-21,411.8580017089844,77.2063980102539,352.97607421875
2021-07-22,412.7204284667969,77.3761215209961,355.3093566894531
2021-07-23,416.96649169921875,77.28681182861328,359.45831298828125
2021-07-26,417.9900817871094,77.24213409423828,359.74151611328125
2021-07-27,416.0849914550781,77.43862915039062,355.7779541015625
2021-07-28,415.91448974609375,77.5101089477539,357.1446838378906
2021-07-29,417.63946533203125,77.3761215209961,357.7792053222656
2021-07-30,415.6111755371094,77.49224853515625,355.91455078125
2021-08-02,414.7391662597656,77.67652893066406,355.9438781738281
2021-08-03,418.11334228515625,77.69441223144531,358.1014099121094
2021-08-04,416.0566711425781,77.69441223144531,358.6188049316406
2021-08-05,418.69146728515625,77.5155029296875,360.8935546875
2021-08-06,419.3833312988281,77.14871215820312,359.3119812011719
2021-08-09,419.04217529296875,77.00560760498047,359.9758605957031
2021-08-10,419.5633544921875,76.88929748535156,358.1307373046875
2021-08-11,420.60595703125,76.94296264648438,357.5156555175781
2021-08-12,421.8664855957031,76.95191192626953,358.8043212890625
2021-08-13,422.6341857910156,77.25605010986328,360.063720703125
2021-08-16,423.6293640136719,77.3276596069336,360.219970703125
2021-08-17,420.8523864746094,77.24712371826172,357.0469970703125
2021-08-18,416.2461853027344,77.22924041748047,353.6106262207031
2021-08-19,416.89068603515625,77.39921569824219,355.31903076171875
2021-08-20,420.2079162597656,77.38130187988281,358.9996032714844
2021-08-23,423.9042663574219,77.39921569824219,364.3689880371094
2021-08-24,424.5772399902344,77.24712371826172,365.48187255859375
2021-08-25,425.4681396484375,77.12187957763672,365.9016418457031
2021-08-26,422.9564208984375,77.13082885742188,363.57818603515625
2021-08-27,426.73809814453125,77.35447692871094,367.1122741699219
2021-08-30,428.6147155761719,77.44391632080078,371.2320556640625
2021-08-31,427.97967529296875,77.34554290771484,370.929443359375
2021-09-01,428.2071533203125,77.35895538330078,371.54449462890625
2021-09-02,429.52459716796875,77.46647644042969,371.3687744140625
2021-09-03,429.4203186035156,77.30521392822266,372.5110168457031
2021-09-07,427.8848571777344,77.08123779296875,373.03814697265625
2021-09-08,427.3636474609375,77.20660400390625,371.7397155761719
2021-09-09,425.5344543457031,77.48439025878906,370.46087646484375
2021-09-10,422.17926025390625,77.2962417602539,367.6492004394531
2021-09-13,423.2596740722656,77.41273498535156,367.3953552246094
2021-09-14,420.9756164550781,77.60087585449219,366.35076904296875
2021-09-15,424.49188232421875,77.52921295166016,369.0746154785156
2021-09-16,423.8189697265625,77.38585662841797,369.3283386230469
2021-09-17,419.6905212402344,77.28730010986328,364.9547119140625
2021-09-20,412.6924743652344,77.50232696533203,357.41357421875
2021-09-21,412.3027038574219,77.48439025878906,357.8533935546875
2021-09-22,416.3245849609375,77.56503295898438,361.1958312988281
2021-09-23,421.3829345703125,77.15289306640625,364.5286560058594
2021-09-24,422.0770568847656,76.99161529541016,364.8707275390625
2021-09-27,420.8694763183594,76.90202331542969,361.9582824707031
2021-09-28,412.38824462890625,76.57048797607422,351.7156677246094
2021-09-29,413.0823059082031,76.57945251464844,351.1390686035156
2021-09-30,408.03350830078125,76.5615463256836,349.84893798828125
2021-10-01,412.8826599121094,76.8217544555664,352.0186767578125
2021-10-04,407.5581359863281,76.76793670654297,344.6300048828125
2021-10-05,411.7987365722656,76.57945251464844,349.2820739746094
2021-10-06,413.51019287109375,76.61537170410156,351.52020263671875
2021-10-07,417.0852966308594,76.40001678466797,354.7454528808594
2021-10-08,416.3245849609375,76.2115707397461,352.9764404296875
2021-10-11,413.310546875,76.09493255615234,350.26922607421875
2021-10-12,412.2931823730469,76.37310028076172,349.0475769042969
2021-10-13,413.7763977050781,76.57945251464844,351.8427429199219
2021-10-14,420.73638916015625,76.71407318115234,358.3225402832031
2021-10-15,423.940673828125,76.52564239501953,360.5801696777344
2021-10-18,425.1957702636719,76.48077392578125,364.2060852050781
2021-10-19,428.47607421875,76.26541900634766,366.9622497558594
2021-10-20,430.1590576171875,76.17568969726562,366.4833679199219
2021-10-21,431.281005859375,76.06800842285156,368.7213439941406
2021-10-22,430.8341369628906,76.22949981689453,365.6232604980469
2021-10-25,433.1445617675781,76.26541900634766,369.3664245605469
2021-10-26,433.53436279296875,76.41795349121094,370.52947998046875
2021-10-27,431.61370849609375,76.6961441040039,371.3895568847656
2021-10-28,435.77838134765625,76.59744262695312,375.5139465332031
2021-10-29,436.6625671386719,76.61537170410156,377.3611145019531
2021-11-01,437.4136962890625,76.55607604980469,378.65118408203125
2021-11-02,439.1822509765625,76.6998519897461,380.23443603515625
2021-11-03,441.8635559082031,76.56503295898438,384.2709045410156
2021-11-04,443.94586181640625,76.91555786132812,389.1967468261719
2021-11-05,445.4861755371094,77.14924621582031,389.5680847167969
2021-11-08,445.86651611328125,76.97846221923828,389.04034423828125
2021-11-09,444.3927001953125,77.19417572021484,386.3624267578125
2021-11-10,440.8176574707031,76.67288970947266,380.6840515136719
2021-11-11,440.96026611328125,76.54708862304688,381.7395935058594
2021-11-12,444.2881164550781,76.55607604980469,385.75653076171875
2021-11-15,444.4402770996094,76.24151611328125,385.6684875488281
2021-11-16,446.19927978515625,76.18757629394531,388.41485595703125
2021-11-17,445.1153564453125,76.34931945800781,388.62005615234375
2021-11-18,446.62713623046875,76.43921661376953,392.6466979980469
2021-11-19,445.8284912109375,76.60101318359375,394.8359375
2021-11-22,444.5733642578125,76.22352600097656,390.2522277832031
2021-11-23,445.1628723144531,75.91793823242188,388.4735107421875
2021-11-24,446.3514099121094,76.0976791381836,389.7245178222656
2021-11-26,436.3963928222656,76.63694763183594,382.3357849121094
2021-11-29,441.74951171875,76.6279525756836,390.6333923339844
2021-11-30,433.154052734375,76.7717514038086,384.8964538574219
2021-12-01,428.3428955078125,76.82125091552734,378.34820556640625
2021-12-02,434.9035949707031,76.83026123046875,381.0749816894531
2021-12-03,431.1193542480469,77.12733459472656,374.4486999511719
2021-12-06,436.2252197265625,76.92029571533203,377.4490661621094
2021-12-07,445.2484436035156,76.749267578125,388.8155517578125
2021-12-08,446.4274597167969,76.51521301269531,390.55517578125
2021-12-09,443.4133605957031,76.55123901367188,384.8085021972656
2021-12-10,447.58740234375,76.57823944091797,388.99139404296875
2021-12-13,443.62261962890625,76.83928680419922,383.3717041015625
2021-12-14,440.5704345703125,76.71326446533203,379.4038391113281
2021-12-15,447.454345703125,76.61424255371094,388.0532531738281
2021-12-16,443.50848388671875,76.71326446533203,378.0745849609375
2021-12-17,438.78826904296875,76.84827423095703,376.18829345703125
2021-12-20,434.1224670410156,76.72225952148438,372.5390930175781
2021-12-21,441.83203125,76.64122009277344,380.876708984375
2021-12-22,446.249755859375,76.72225952148438,385.51519775390625
2021-12-23,449.0263671875,76.60575866699219,388.421630859375
2021-12-27,455.381103515625,76.64188385009766,394.8412170410156
2021-12-28,455.0089416503906,76.6328353881836,393.01123046875
2021-12-29,455.5910339355469,76.3800048828125,392.9525146484375
2021-12-30,454.3314514160156,76.55157470703125,391.7781982421875
2021-12-31,453.1864318847656,76.53352355957031,389.3316955566406
2022-01-03,455.8103942871094,76.01878356933594,393.0797424316406
2022-01-04,455.6577453613281,76.00975036621094,387.9812927246094
2022-01-05,446.908203125,75.74786376953125,376.0621032714844
2022-01-06,446.48834228515625,75.6666030883789,375.7978515625
2022-01-07,444.72308349609375,75.45889282226562,371.72686767578125
2022-01-10,444.1697082519531,75.39566040039062,371.9715576171875
2022-01-11,448.21527099609375,75.5491943359375,377.55926513671875
2022-01-12,449.42706298828125,75.52207946777344,379.0565490722656
2022-01-13,443.23468017578125,75.64852905273438,369.57403564453125
2022-01-14,443.4159240722656,75.23312377929688,371.8736267089844
2022-01-18,435.5632019042969,74.76355743408203,362.6162414550781
2022-01-19,431.0404968261719,74.94414520263672,358.6333923339844
2022-01-20,426.2697448730469,75.02544403076172,353.975341796875
2022-01-21,417.9018249511719,75.30535125732422,344.15997314453125
2022-01-24,419.676513671875,75.18795776367188,345.7355651855469
2022-01-25,414.5527038574219,75.08863830566406,337.7209167480469
2022-01-26,413.5126037597656,74.67323303222656,337.1924743652344
2022-01-27,411.47076416015625,74.91706848144531,333.79681396484375
2022-01-28,421.68975830078125,75.00736236572266,344.26763916015625
2022-01-31,429.2848815917969,74.95319366455078,355.2768249511719
2022-02-01,432.1855163574219,74.92332458496094,357.69390869140625
2022-02-02,436.3838195800781,75.0318603515625,360.6003723144531
2022-02-03,426.12652587890625,74.7153091430664,345.9801940917969
2022-02-04,428.13037109375,74.25397491455078,350.34478759765625
2022-02-07,426.75634765625,74.31729888916016,347.5263977050781
2022-02-08,430.26763916015625,74.07305908203125,351.43096923828125
2022-02-09,436.5650634765625,74.12733459472656,358.8780212402344
2022-02-10,428.721923828125,73.44892120361328,350.75567626953125
2022-02-11,420.26800537109375,73.92833709716797,339.6291809082031
2022-02-14,418.89404296875,73.51224517822266,340.04998779296875
2022-02-15,425.64947509765625,73.35846710205078,348.5049743652344
2022-02-16,426.12652587890625,73.45796203613281,348.4169616699219
2022-02-17,417.02392578125,73.62078857421875,338.0536193847656
2022-02-18,414.3236999511719,73.7474365234375,334.1979675292969
2022-02-22,409.8773498535156,73.70220184326172,330.8414611816406
2022-02-23,402.60662841796875,73.33134460449219,322.36688232421875
2022-02-24,408.66552734375,73.49414825439453,333.1998291015625
2022-02-25,417.6822814941406,73.55745697021484,338.3668212890625
2022-02-28,416.6136474609375,74.10018920898438,339.3747253417969
2022-03-01,410.2684631347656,74.48884582519531,334.17840576171875
2022-03-02,417.81591796875,73.57382202148438,339.7857971191406
2022-03-03,415.7358093261719,73.89998626708984,334.93194580078125
2022-03-04,412.3581237792969,74.16268157958984,330.078125
2022-03-07,400.2021484375,73.80030059814453,317.9045104980469
2022-03-08,397.1678771972656,73.4560546875,316.4268798828125
2022-03-09,407.81634521484375,73.2567367553711,327.81756591796875
2022-03-10,405.9747619628906,72.86717224121094,324.1772766113281
2022-03-11,400.81280517578125,72.81281280517578,317.4543762207031
2022-03-14,397.883544921875,72.14240264892578,311.3577575683594
2022-03-15,406.6331787109375,72.26016998291016,321.1240539550781
2022-03-16,415.6499328613281,72.36884307861328,333.0334777832031
2022-03-17,420.8501281738281,72.43231201171875,337.0653076171875
2022-03-18,425.4595947265625,72.64067077636719,343.9643249511719
2022-03-21,425.335205078125,71.89776611328125,343.00799560546875
2022-03-22,430.3122253417969,71.71662139892578,349.7490539550781
2022-03-23,424.7704772949219,72.04270935058594,344.7226867675781
2022-03-24,431.173583984375,71.95214080810547,352.3847351074219
2022-03-25,433.2793273925781,71.31796264648438,352.09075927734375
2022-03-28,436.3611755371094,71.52631378173828,357.5384826660156
2022-03-29,441.7593688964844,71.8434066772461,363.6916198730469
2022-03-30,439.0316467285156,72.00650024414062,359.6744384765625
2022-03-31,432.2743225097656,72.06083679199219,355.2163391113281
2022-04-01,433.4994201660156,71.90464782714844,354.5403747558594
2022-04-04,437.2130126953125,71.95914459228516,361.8397216796875
2022-04-05,431.6904296875,71.23255920410156,353.8054504394531
2022-04-06,427.37384033203125,71.01457214355469,346.1238098144531
2022-04-07,429.52734375,70.86924743652344,346.9468688964844
2022-04-08,428.3788146972656,70.4878158569336,342.0968322753906
2022-04-11,421.0568542480469,70.16084289550781,334.00372314453125
2022-04-12,419.4967346191406,70.38789367675781,332.5928039550781
2022-04-13,424.30145263671875,70.46963500976562,339.3533935546875
2022-04-14,419.0181884765625,69.98826599121094,331.5933837890625
2022-04-18,419.1904602050781,69.76119995117188,331.8481140136719
2022-04-19,425.957275390625,69.32526397705078,339.26519775390625
2022-04-20,425.6414489746094,69.76119995117188,334.3172607421875
2022-04-21,419.276611328125,69.38884735107422,327.3997802734375
2022-04-22,407.7720031738281,69.29801940917969,318.82659912109375
2022-04-25,410.1360778808594,69.73397064208984,322.9222106933594
2022-04-26,398.2581787109375,69.91559600830078,310.73345947265625
2022-04-27,399.3780822753906,69.6976318359375,310.3611755371094
2022-04-28,409.46612548828125,69.67037963867188,321.3838806152344
2022-04-29,394.33404541015625,69.19810485839844,306.9220275878906
2022-05-02,396.7076721191406,68.84416961669922,312.04644775390625
2022-05-03,398.52618408203125,69.0079345703125,312.37957763671875
2022-05-04,410.6625061035156,69.45379638671875,322.94171142578125
2022-05-05,396.06640625,68.76228332519531,306.67706298828125
2022-05-06,393.7023010253906,68.47109985351562,303.0028991699219
2022-05-09,381.0970458984375,68.78044891357422,291.14727783203125
2022-05-10,381.9775390625,68.98064422607422,294.684326171875
2022-05-11,375.909423828125,69.21721649169922,285.94451904296875
2022-05-12,375.5169982910156,69.35369873046875,285.2684631347656
2022-05-13,384.49481201171875,69.09894561767578,295.84051513671875
2022-05-16,382.9347229003906,69.20813751220703,292.4112243652344
2022-05-17,390.81182861328125,68.79866790771484,299.9850769042969
2022-05-18,375.05755615234375,69.08983612060547,285.2586975097656
2022-05-19,372.7604675292969,69.23540496826172,283.7301940917969
2022-05-20,372.9231872558594,69.44470977783203,282.84844970703125
2022-05-23,379.900634765625,69.19903564453125,287.5514831542969
2022-05-24,377.0005798339844,69.76318359375,281.4374084472656
2022-05-25,380.3313293457031,70.04524230957031,285.3763122558594
2022-05-26,387.9308776855469,69.97245025634766,293.28326416015625
2022-05-27,397.4542541503906,70.17263793945312,302.8558654785156
2022-05-31,395.22412109375,69.77227783203125,302.0523681640625
2022-06-01,392.02734375,69.4604721069336,299.81854248046875
2022-06-02,399.492919921875,69.52430725097656,308.0291748046875
2022-06-03,392.9366149902344,69.42400360107422,300.01446533203125
2022-06-06,394.133056640625,69.0137710571289,301.0137939453125
2022-06-07,397.91357421875,69.25079345703125,303.6103210449219
2022-06-08,393.58740234375,68.96817779541016,301.4254150390625
2022-06-09,384.2268371582031,68.87699890136719,293.3518371582031
2022-06-10,373.0859375,68.29351806640625,283.0051574707031
2022-06-13,358.9205017089844,67.19037628173828,269.846435546875
2022-06-14,357.8389587402344,66.82573699951172,270.33636474609375
2022-06-15,362.94049072265625,67.59153747558594,277.0871887207031
2022-06-16,350.92852783203125,67.7374038696289,265.90765380859375
2022-06-17,351.6850280761719,67.77388763427734,269.14093017578125
2022-06-21,360.53826904296875,67.4638900756836,275.93133544921875
2022-06-22,359.88458251953125,68.0200424194336,275.52886962890625
2022-06-23,363.4123840332031,68.34822845458984,279.63226318359375
2022-06-24,374.9667053222656,68.22059631347656,289.2135009765625
2022-06-27,373.53436279296875,67.89237976074219,287.0929870605469
2022-06-28,365.90203857421875,67.92884826660156,278.34625244140625
2022-06-29,365.60406494140625,68.32089233398438,278.6014709472656
2022-06-30,362.6337585449219,68.61264038085938,275.14599609375
2022-07-01,366.4691467285156,69.15980529785156,276.96209716796875
2022-07-05,367.16131591796875,69.27852630615234,281.70361328125
2022-07-06,368.4013671875,68.85833740234375,283.5098876953125
2022-07-07,373.9189453125,68.66651153564453,289.5766906738281
2022-07-08,373.6113586425781,68.43816375732422,289.9399719238281
2022-07-11,369.3433532714844,68.69391632080078,283.7455139160156
2022-07-12,366.0750427246094,68.81266021728516,280.9967956542969
2022-07-13,364.152587890625,69.03193664550781,280.41754150390625
2022-07-14,363.2682189941406,68.81266021728516,281.4189147949219
2022-07-15,370.20849609375,69.05929565429688,286.52362060546875
2022-07-18,367.1517028808594,68.84920501708984,284.0989074707031
2022-07-19,377.07183837890625,68.7944107055664,292.83587646484375
2022-07-20,379.4750061035156,68.73046112060547,297.47918701171875
2022-07-21,383.3392639160156,69.29682159423828,301.7496032714844
2022-07-22,379.7826232910156,69.86318969726562,296.4583435058594
2022-07-25,380.24395751953125,69.60740661621094,294.7698059082031
2022-07-26,375.7453308105469,69.62567901611328,288.9778747558594
2022-07-27,385.50201416015625,69.81751251220703,301.1899719238281
2022-07-28,390.33721923828125,70.30164337158203,304.1350402832031
2022-07-29,396.0278015136719,70.24684143066406,309.681640625
2022-08-01,394.85504150390625,70.55164337158203,309.49505615234375
2022-08-02,392.25006103515625,69.83770751953125,308.5722351074219
2022-08-03,398.3925476074219,70.1855239868164,316.9754943847656
2022-08-04,398.12335205078125,70.35943603515625,318.4577331542969
2022-08-05,397.450439453125,69.5631103515625,315.8563232421875
2022-08-08,396.9890441894531,69.87429809570312,314.8353576660156
2022-08-09,395.4126281738281,69.71869659423828,311.2718811035156
2022-08-10,403.7178649902344,69.91091918945312,319.9598083496094
2022-08-11,403.7178649902344,69.5173568725586,318.1435852050781
2022-08-12,410.5523986816406,69.83770751953125,324.33807373046875
2022-08-15,412.2441711425781,69.91091918945312,326.9591369628906
2022-08-16,413.0516357421875,69.81940460205078,326.19342041015625
2022-08-17,410.1197814941406,69.40751647949219,322.4728698730469
2022-08-18,411.31182861328125,69.53565216064453,323.24835205078125
2022-08-19,405.7845458984375,69.0963134765625,316.94598388671875
2022-08-22,397.3351135253906,68.78511047363281,308.6016845703125
2022-08-23,396.3738708496094,68.75762939453125,308.34649658203125
2022-08-24,397.6427307128906,68.583740234375,309.2397766113281
2022-08-25,403.2564697265625,68.95899963378906,314.7077941894531
2022-08-26,389.60662841796875,68.82170867919922,301.8084716796875
2022-08-29,387.03045654296875,68.5105209350586,298.833984375
2022-08-30,382.7817077636719,68.56544494628906,295.50604248046875
2022-08-31,379.8691101074219,68.28168487548828,293.78814697265625
2022-09-01,381.0610656738281,67.91112518310547,293.9157409667969
2022-09-02,377.04302978515625,68.08541107177734,289.7632141113281
2022-09-06,375.620361328125,67.47086334228516,287.68206787109375
2022-09-07,382.3683776855469,67.95698547363281,293.4935607910156
2022-09-08,384.86761474609375,67.74603271484375,295.0152282714844
2022-09-09,390.84661865234375,67.71849060058594,301.4648742675781
2022-09-12,395.04736328125,67.63597106933594,305.0479736328125
2022-09-13,377.8696594238281,67.29658508300781,288.3201904296875
2022-09-14,379.3115539550781,67.379150390625,290.607421875
2022-09-15,375.005126953125,67.1773452758789,285.7677307128906
2022-09-16,372.1442565917969,67.10400390625,284.0203552246094
2022-09-19,375.03021240234375,67.05810546875,286.23211669921875
2022-09-20,370.7254333496094,66.72792053222656,283.9505310058594
2022-09-21,364.258544921875,66.91133880615234,278.86614990234375
2022-09-22,361.1988525390625,66.22344207763672,275.4339294433594
2022-09-23,355.1470642089844,66.03997039794922,270.94940185546875
2022-09-26,351.63372802734375,65.19615936279297,269.8282470703125
2022-09-27,350.73602294921875,64.91180419921875,269.9364318847656
2022-09-28,357.63726806640625,65.92076110839844,275.3060302734375
2022-09-29,350.16656494140625,65.5813980102539,267.3696594238281
2022-09-30,344.7517395019531,65.42545318603516,262.8359680175781
2022-10-03,353.85357666015625,65.97332763671875,269.00213623046875
2022-10-04,364.818359375,66.1387710571289,277.4598388671875
2022-10-05,363.968994140625,65.78948974609375,277.3122863769531
2022-10-06,360.2143249511719,65.5412826538086,275.1290283203125
2022-10-07,350.16656494140625,65.201171875,264.6454772949219
2022-10-10,347.4929504394531,64.90701293945312,262.0000305175781
2022-10-11,345.2922668457031,64.92539978027344,258.400634765625
2022-10-12,344.1532897949219,64.99893951416016,258.3121032714844
2022-10-13,353.23590087890625,64.76911163330078,264.3701477050781
2022-10-14,345.1860656738281,64.45658111572266,256.423828125
2022-10-17,354.05633544921875,64.59447479248047,264.8913879394531
2022-10-18,358.2163391113281,64.74154663085938,266.9861145019531
2022-10-19,355.6778564453125,64.20840454101562,266.0124816894531
2022-10-20,352.6954040527344,63.77634048461914,264.65533447265625
2022-10-21,361.2663879394531,63.886653900146484,270.8608703613281
2022-10-24,365.6871032714844,63.794734954833984,273.8407897949219
2022-10-25,371.5265808105469,64.40142822265625,279.5054016113281
2022-10-26,368.7274475097656,64.6588363647461,273.3293151855469
2022-10-27,366.7584533691406,64.99893951416016,268.35302734375
2022-10-28,375.48382568359375,64.8702392578125,276.5648498535156
2022-10-31,372.7715759277344,64.66802978515625,273.3489685058594
2022-11-01,371.14044189453125,64.73528289794922,270.55596923828125
2022-11-02,361.8262634277344,64.63391876220703,261.2820739746094
2022-11-03,358.1005859375,64.38514709472656,256.17803955078125
2022-11-04,363.2547302246094,64.4035873413086,260.29864501953125
2022-11-07,366.7294616699219,64.15483093261719,263.1604919433594
2022-11-08,368.7080993652344,64.44043731689453,265.07818603515625
2022-11-09,361.1119689941406,64.53258514404297,258.9612121582031
2022-11-10,380.95660400390625,65.86852264404297,278.0695495605469
2022-11-11,384.6436767578125,65.86852264404297,283.19329833984375
2022-11-14,381.3716735839844,65.65665435791016,280.7150573730469
2022-11-15,384.6243591308594,66.11731719970703,284.5996398925781
2022-11-16,381.6901550292969,66.49507141113281,280.7150573730469
2022-11-17,380.5222473144531,66.21867370605469,280.0954284667969
2022-11-18,382.2499084472656,66.10812377929688,280.10528564453125
2022-11-21,380.8600769042969,66.10812377929688,277.2237854003906
2022-11-22,385.9853210449219,66.44901275634766,281.216552734375
2022-11-23,388.4176025390625,66.85442352294922,284.0390625
2022-11-25,388.3307189941406,66.85442352294922,282.1705627441406
2022-11-28,382.1341857910156,66.77149963378906,278.0301513671875
2022-11-29,381.4777526855469,66.52272033691406,275.9256286621094
2022-11-30,393.4945373535156,67.03870391845703,288.50390625
2022-12-01,393.2050476074219,67.59738159179688,288.8580017089844
2022-12-02,392.75140380859375,67.87443542480469,287.7073059082031
2022-12-05,385.68609619140625,67.33882141113281,282.87860107421875
2022-12-06,380.1264953613281,67.56047058105469,277.0172119140625
2022-12-07,379.4798583984375,68.15145111083984,275.88629150390625
2022-12-08,382.45263671875,67.95751953125,279.1513366699219
2022-12-09,379.5956726074219,67.56047058105469,277.3713073730469
2022-12-12,385.0683898925781,67.56047058105469,280.8526611328125
2022-12-13,387.9833068847656,68.02214813232422,283.8717956542969
2022-12-14,385.5026550292969,68.18839263916016,281.767333984375
2022-12-15,376.07269287109375,68.22534942626953,272.30657958984375
2022-12-16,371.6326599121094,68.04989624023438,269.7102355957031
2022-12-19,368.4813537597656,67.64354705810547,265.9197998046875
2022-12-20,368.985595703125,67.20027160644531,265.71282958984375
2022-12-21,374.5028076171875,67.35729217529297,269.56732177734375
2022-12-22,369.16009521484375,67.34806060791016,262.9723205566406
2022-12-23,371.2835998535156,67.13701629638672,263.5637512207031
2022-12-27,369.8194885253906,66.61866760253906,259.8374328613281
2022-12-28,365.22332763671875,66.52606964111328,256.4068908691406
2022-12-29,371.79754638671875,66.7760009765625,262.6567687988281
2022-12-30,370.8182067871094,66.49832153320312,262.49908447265625
2023-01-03,369.257080078125,66.85005950927734,260.7247314453125
2023-01-04,372.1078796386719,67.22954559326172,261.96673583984375
2023-01-05,367.8608093261719,67.15552520751953,257.8658752441406
2023-01-06,376.296630859375,67.89604187011719,264.9833068847656
2023-01-09,376.08331298828125,68.0811767578125,266.69866943359375
2023-01-10,378.7207336425781,67.81272888183594,268.9560852050781
2023-01-11,383.5107116699219,68.1737289428711,273.6091003417969
2023-01-12,384.9070129394531,68.70134735107422,275.08782958984375
2023-01-13,386.4002380371094,68.46993255615234,276.9805603027344
2023-01-17,385.6923828125,68.37736511230469,277.5424499511719
2023-01-18,379.6030578613281,69.00680541992188,273.93450927734375
2023-01-19,376.8396911621094,68.86795043945312,271.2431640625
2023-01-20,383.85980224609375,68.56250762939453,278.66619873046875
2023-01-23,388.465576171875,68.3958740234375,284.8570861816406
2023-01-24,388.0486145019531,68.70134735107422,284.27545166015625
2023-01-25,388.1941223144531,68.78463745117188,283.6445617675781
2023-01-26,392.4604797363281,68.65504455566406,289.1748962402344
2023-01-27,393.3622131347656,68.58100891113281,292.0534362792969
2023-01-30,388.4267883300781,68.3866195678711,286.14849853515625
2023-01-31,394.137939453125,68.70134735107422,290.4366455078125
2023-02-01,398.3267517089844,69.14299774169922,296.6473388671875
2023-02-02,404.1252136230469,69.18938446044922,307.29388427734375
2023-02-03,399.8297424316406,68.57699584960938,301.8325500488281
2023-02-06,397.3862609863281,68.15021514892578,299.27935791015625
2023-02-07,402.58349609375,68.05742645263672,305.4800109863281
2023-02-08,398.18133544921875,68.17803955078125,300.04827880859375
2023-02-09,394.72943115234375,67.89967346191406,297.3964538574219
2023-02-10,395.650634765625,67.61202239990234,295.444580078125
2023-02-13,400.29510498046875,67.7976303100586,300.17645263671875
2023-02-14,400.11090087890625,67.56566619873047,302.3944091796875
2023-02-15,401.4102478027344,67.41719055175781,304.71112060546875
2023-02-16,395.88330078125,67.15737915039062,298.9934387207031
2023-02-17,394.894287109375,67.30583953857422,296.8838806152344
2023-02-21,386.9723205566406,66.72130584716797,289.8551025390625
2023-02-22,386.4390563964844,66.86976623535156,290.07196044921875
2023-02-23,388.4946594238281,67.11101531982422,292.6054992675781
2023-02-24,384.3446044921875,66.73985290527344,287.7060546875
2023-02-27,385.6536560058594,66.85123443603516,289.7663879394531
2023-02-28,384.228271484375,66.86976623535156,289.3918151855469
2023-03-01,382.7544250488281,66.47362518310547,287.0653076171875
2023-03-02,385.7312316894531,66.33411407470703,289.4410095214844
2023-03-03,391.9175109863281,66.8455810546875,295.42486572265625
2023-03-06,392.18896484375,66.6875,295.7600402832031
2023-03-07,386.1772155761719,66.61312103271484,292.1322937011719
2023-03-08,386.8075256347656,66.55731201171875,293.59124755859375
2023-03-09,379.6709899902344,66.78050231933594,288.5045166015625
2023-03-10,374.1925048828125,67.58025360107422,284.452880859375
2023-03-13,373.65924072265625,68.11962127685547,286.5625
2023-03-14,379.8358154296875,67.6918716430664,293.1476745605469
2023-03-15,377.460205078125,68.38934326171875,294.68548583984375
2023-03-16,384.0827941894531,68.0638427734375,302.45361328125
2023-03-17,379.59185791015625,68.55673217773438,301.0242004394531
2023-03-20,383.24188232421875,68.25914001464844,302.0924987792969
2023-03-21,388.2740478515625,68.07315826416016,306.4071350097656
2023-03-22,381.65533447265625,68.67761993408203,302.2406005859375
2023-03-23,382.68707275390625,68.83570861816406,305.8245849609375
2023-03-24,385.19830322265625,68.97520446777344,306.9501647949219
2023-03-27,385.9185485839844,68.25914001464844,304.84722900390625
2023-03-28,385.05224609375,68.13824462890625,303.2279357910156
2023-03-29,390.64892578125,68.21265411376953,308.75701904296875
2023-03-30,392.9363708496094,68.30564880371094,311.679443359375
2023-03-31,398.4746398925781,68.65902709960938,316.8629150390625
2023-04-03,399.9930114746094,68.95082092285156,316.0927734375
2023-04-04,397.7738342285156,69.23051452636719,315.0264892578125
2023-04-05,396.73236083984375,69.41697692871094,311.9164123535156
2023-04-06,398.27996826171875,69.3982925415039,314.0194091796875
2023-04-10,398.6886901855469,68.93217468261719,313.8417053222656
2023-04-11,398.79583740234375,68.96013641357422,311.8275146484375
2023-04-12,397.1702880859375,69.03472137451172,309.07293701171875
2023-04-13,402.44580078125,68.99745178222656,315.1252746582031
2023-04-14,401.4627685546875,68.68977355957031,314.5328369140625
2023-04-17,402.9032897949219,68.3168716430664,314.7994079589844
2023-04-18,403.1660461425781,68.41941833496094,314.81915283203125
2023-04-19,403.09796142578125,68.32621002197266,314.6710510253906
2023-04-20,400.8982238769531,68.6245346069336,312.2718505859375
2023-04-21,401.2096862792969,68.50333404541016,312.59765625
2023-04-24,401.62823486328125,68.77368927001953,311.9460754394531
2023-04-25,395.25286865234375,69.22119903564453,306.0615539550781
2023-04-26,393.5787353515625,68.97879791259766,307.9176940917969
2023-04-27,401.4140930175781,68.68047332763672,316.2903137207031
2023-04-28,404.8402404785156,69.06269073486328,318.4722595214844
2023-05-01,404.431396484375,68.35245513916016,318.1069641113281
2023-05-02,399.8859558105469,69.02529907226562,315.33258056640625
2023-05-03,397.14111328125,69.31500244140625,313.2690734863281
2023-05-04,394.32818603515625,69.2215576171875,312.1632385253906
2023-05-05,401.62823486328125,68.96924591064453,318.7981262207031
2023-05-08,401.7353210449219,68.64216613769531,319.5879211425781
2023-05-09,399.9735412597656,68.5674057006836,317.56390380859375
2023-05-10,401.8423156738281,68.98792266845703,321.01959228515625
2023-05-11,401.14154052734375,69.21222686767578,322.066162109375
2023-05-12,400.61590576171875,68.84774780273438,320.9109802246094
2023-05-15,401.99810791015625,68.6701889038086,322.648681640625
2023-05-16,399.31170654296875,68.50199127197266,323.01397705078125
2023-05-17,404.1589050292969,68.38045501708984,326.92376708984375
2023-05-18,408.0522766113281,68.10012817382812,332.9958801269531
2023-05-19,407.4585266113281,67.91319274902344,332.24554443359375
2023-05-22,407.62396240234375,67.89453125,333.3612060546875
2023-05-23,403.04931640625,67.94123840332031,329.1354064941406
2023-05-24,400.1292724609375,67.75433349609375,327.4471130371094
2023-05-25,403.5943603515625,67.50202178955078,335.414794921875
2023-05-26,408.8211975097656,67.58612823486328,343.9847412109375
2023-05-30,408.97686767578125,68.03468322753906,345.54473876953125
2023-05-31,406.7090759277344,68.25897979736328,343.5799255371094
2023-06-01,410.57318115234375,68.44356536865234,347.54913330078125
2023-06-02,416.5106201171875,68.05941772460938,350.1556396484375
2023-06-05,415.7124328613281,68.06880950927734,350.40240478515625
2023-06-06,416.6175842285156,68.1624755859375,350.34320068359375
2023-06-07,415.17706298828125,67.77832794189453,344.39947509765625
2023-06-08,417.68829345703125,68.1156234741211,348.6745910644531
2023-06-09,418.4377746582031,67.97509002685547,350.00750732421875
2023-06-12,422.2337341308594,68.1156234741211,355.921630859375
2023-06-13,425.0174865722656,67.8158187866211,358.6565246582031
2023-06-14,425.52362060546875,67.87203216552734,361.26300048828125
2023-06-15,430.79913330078125,68.29364776611328,365.5677795410156
2023-06-16,429.33172607421875,68.14374542236328,363.267333984375
2023-06-20,427.1042785644531,68.23743438720703,362.7472229003906
2023-06-21,424.9159240722656,68.34986877441406,357.80389404296875
2023-06-22,426.4497375488281,68.02193450927734,362.02557373046875
2023-06-23,423.22576904296875,68.21869659423828,358.4366149902344
2023-06-26,421.4965515136719,68.30301666259766,353.6316223144531
2023-06-27,426.1175842285156,68.1718521118164,359.7120056152344
2023-06-28,426.33251953125,68.3873291015625,360.41400146484375
2023-06-29,428.01287841796875,67.87203216552734,359.69219970703125
2023-06-30,433.063720703125,68.10626220703125,365.23870849609375
2023-07-03,433.5619812011719,67.91276550292969,366.09893798828125
2023-07-05,432.91717529296875,67.6309585571289,366.0889587402344
2023-07-06,429.5271301269531,67.19889068603516,363.3009033203125
2023-07-07,428.4427185058594,67.16130828857422,362.0947265625
2023-07-10,429.5271301269531,67.39615631103516,362.2133483886719
2023-07-11,432.2625732421875,67.53704071044922,364.0028991699219
2023-07-12,435.7405700683594,68.07246398925781,368.6002502441406
2023-07-13,439.198974609375,68.48574829101562,374.8586120605469
2023-07-14,438.9254455566406,68.16639709472656,374.779541015625
2023-07-17,440.449462890625,68.24154663085938,378.2793884277344
2023-07-18,443.7222900390625,68.3260726928711,381.3740234375
2023-07-19,444.708984375,68.48574829101562,381.2850036621094
2023-07-20,441.7585754394531,68.16639709472656,372.4956359863281
2023-07-21,441.7585754394531,68.2133560180664,371.3785095214844
2023-07-24,443.7320861816406,68.10063171386719,371.9716796875
2023-07-25,444.9434814453125,68.02548217773438,374.4927978515625
2023-07-26,445.0118713378906,68.25092315673828,373.2470397949219
2023-07-27,442.0614318847656,67.66854858398438,372.35723876953125
2023-07-28,446.3893737792969,67.90336608886719,379.13958740234375
2023-07-31,447.2392883300781,68.02548217773438,379.3373107910156
2023-08-01,445.9595031738281,67.60449981689453,378.45745849609375
2023-08-02,439.755859375,67.38786315917969,370.1524658203125
2023-08-03,438.49554443359375,66.97345733642578,369.5592956542969
2023-08-04,436.5123291015625,67.52913665771484,367.8290710449219
2023-08-07,440.32244873046875,67.42552947998047,370.94342041015625
2023-08-08,438.40765380859375,67.67042541503906,367.7895202636719
2023-08-09,435.4767761230469,67.68923950195312,363.7458190917969
2023-08-10,435.63311767578125,67.31250762939453,364.41815185546875
2023-08-11,435.37908935546875,67.09589385986328,362.0947265625
2023-08-14,437.7823486328125,67.0111312866211,366.15826416015625
2023-08-15,432.6827087402344,66.86042785644531,362.2726745605469
2023-08-16,429.5076599121094,66.67208862304688,358.4366149902344
2023-08-17,426.2348327636719,66.60613250732422,354.5214538574219
2023-08-18,426.4399719238281,66.74742126464844,354.0765380859375
2023-08-21,429.2145080566406,66.42719268798828,359.78125
2023-08-22,428.0519104003906,66.511962890625,359.2671203613281
2023-08-23,432.8194885253906,67.1147232055664,364.93218994140625
2023-08-24,426.8210144042969,66.9546127319336,357.131591796875
2023-08-25,429.8299560546875,66.9546127319336,359.8998107910156
2023-08-28,432.55572509765625,67.07705688476562,362.6088562011719
2023-08-29,438.8081970214844,67.4914779663086,370.5281982421875
2023-08-30,440.6155090332031,67.46320343017578,372.594482421875
2023-08-31,439.9707946777344,67.57624053955078,373.7117614746094
2023-09-01,440.79144287109375,67.2513427734375,373.3162536621094
2023-09-05,438.8863525390625,66.88304138183594,373.79083251953125
2023-09-06,435.9359436035156,66.80748748779297,370.4985046386719
2023-09-07,434.5975646972656,67.03414154052734,367.84881591796875
2023-09-08,435.2521057128906,67.05301666259766,368.3629455566406
2023-09-11,438.11456298828125,66.94914245605469,372.7032775878906
2023-09-12,435.71124267578125,66.9963607788086,368.5705871582031
2023-09-13,436.2192687988281,67.1002426147461,369.9744873046875
2023-09-14,439.98046875,66.9869155883789,372.9999084472656
2023-09-15,434.67950439453125,66.85470581054688,366.613037109375
2023-09-18,434.9344482421875,66.92082214355469,366.9952087402344
2023-09-19,434.0324401855469,66.77913665771484,366.2130126953125
2023-09-20,430.0422668457031,66.69414520263672,360.93572998046875
2023-09-21,422.934326171875,66.27862548828125,354.3217468261719
2023-09-22,421.98333740234375,66.55249786376953,354.3712158203125
2023-09-25,423.75787353515625,66.06138610839844,356.054443359375
2023-09-26,417.5323181152344,65.99526977539062,350.7078552246094
2023-09-27,417.6990051269531,65.7591781616211,351.5296325683594
2023-09-28,420.1205749511719,65.92918395996094,354.47027587890625
2023-09-29,419.1009826660156,65.90084075927734,354.72772216796875
2023-10-02,418.9342956542969,65.44817352294922,357.6881103515625
2023-10-03,413.326416015625,64.91786193847656,351.41082763671875
2023-10-04,416.33624267578125,65.34400939941406,356.19305419921875
2023-10-05,416.1794128417969,65.39134979248047,355.1435546875
2023-10-06,421.1206359863281,65.13568115234375,361.0941162109375
2023-10-09,423.816650390625,65.79857635498047,362.9356689453125
2023-10-10,426.0226135253906,65.7322769165039,364.9456787109375
2023-10-11,427.7677001953125,66.03533935546875,367.5496826171875
2023-10-12,425.15985107421875,65.46712493896484,366.27239990234375
2023-10-13,423.04217529296875,65.77014923095703,361.6683654785156
2023-10-16,427.4931640625,65.42923736572266,365.7575378417969
2023-10-17,427.4735412597656,65.00308227539062,364.55950927734375
2023-10-18,421.7774658203125,64.7189712524414,359.77728271484375
2023-10-19,418.071533203125,64.43485260009766,356.410888671875
2023-10-20,412.93426513671875,64.671630859375,351.093994140625
2023-10-23,412.2185363769531,64.91786193847656,352.1534423828125
2023-10-24,415.3264465332031,65.13568115234375,355.5791931152344
2023-10-25,409.3656005859375,64.6432113647461,346.8760986328125
2023-10-26,404.463623046875,65.07884216308594,340.26214599609375
2023-10-27,402.6302490234375,65.07884216308594,341.89581298828125
2023-10-30,407.4440002441406,64.91786193847656,345.7473449707031
2023-10-31,410.0028991699219,64.89892578125,347.4008483886719
2023-11-01,414.3754577636719,65.52864074707031,353.43060302734375
2023-11-02,422.3166809082031,65.90858459472656,359.8465576171875
2023-11-03,426.169677734375,66.29800415039062,364.0743408203125
2023-11-06,427.1500244140625,66.01305389404297,365.5595397949219
2023-11-07,428.36578369140625,66.3454818725586,369.0150451660156
2023-11-08,428.67950439453125,66.55445861816406,369.2525939941406
2023-11-09,425.3363342285156,66.06056213378906,366.4110107421875
2023-11-10,431.9736328125,66.18403625488281,374.64874267578125
2023-11-13,431.5617980957031,66.1650161743164,373.48040771484375
2023-11-14,439.93450927734375,66.97239685058594,381.5201110839844
2023-11-15,440.8658752441406,66.6019515991211,381.8072509765625
2023-11-16,441.4050598144531,67.00088500976562,382.134033203125
2023-11-17,441.95404052734375,67.09585571289062,382.22314453125
2023-11-20,445.3560485839844,67.19084167480469,386.8766174316406
2023-11-21,444.3854675292969,67.28580474853516,384.6290588378906
2023-11-22,446.1011047363281,67.34282684326172,386.2033996582031
2023-11-24,446.3756408691406,67.01985931396484,385.6588134765625
2023-11-27,445.5717468261719,67.42828369140625,385.3221740722656
2023-11-28,446.0129089355469,67.7132339477539,386.33209228515625
2023-11-29,445.69921875,68.064697265625,385.9557800292969
2023-11-30,447.4541320800781,67.84625244140625,384.98553466796875
2023-12-01,450.10125732421875,68.39962768554688,386.0845642089844
2023-12-04,447.7384033203125,68.1233901977539,382.5003356933594
2023-12-05,447.6502380371094,68.56156158447266,383.4607849121094
2023-12-06,445.8462829589844,68.7615737915039,381.24285888671875
2023-12-07,449.2482604980469,68.7425308227539,386.5697326660156
2023-12-08,451.1796569824219,68.40916442871094,388.2925109863281
2023-12-11,452.93450927734375,68.41867065429688,391.6094055175781
2023-12-12,455.0032043457031,68.61870574951172,394.7283020019531
2023-12-13,461.2777099609375,69.4950180053711,399.74810791015625
2023-12-14,462.75811767578125,70.01889038085938,399.40155029296875
2023-12-15,461.9962463378906,69.91413879394531,401.332275390625
2023-12-18,464.594970703125,69.77124786376953,403.8601379394531
2023-12-19,467.42010498046875,69.90459442138672,405.9236755371094
2023-12-20,460.9429626464844,70.13320922851562,399.8918151855469
2023-12-21,465.3135986328125,70.12367248535156,404.544677734375
2023-12-22,466.2486877441406,70.07686614990234,405.1498718261719
2023-12-26,468.21746826171875,70.14373779296875,407.6300964355469
2023-12-27,469.0640563964844,70.59272003173828,408.45989990234375
2023-12-28,469.2412109375,70.42076873779297,408.26141357421875
2023-12-29,467.8827819824219,70.25836944580078,406.4945373535156
2024-01-02,465.2643737792969,69.96223449707031,399.6157531738281
2024-01-03,461.46466064453125,70.01956176757812,395.3871765136719
2024-01-04,459.9782409667969,69.70433044433594,393.35235595703125
2024-01-05,460.6082763671875,69.4941635131836,393.81890869140625
2024-01-08,467.18389892578125,69.7998275756836,401.95831298828125
2024-01-09,466.47515869140625,69.79029083251953,402.75238037109375
2024-01-10,469.1132507324219,69.66612243652344,405.4820861816406
2024-01-11,468.906494140625,70.02910614013672,406.3258056640625
2024-01-12,469.2313537597656,70.1723861694336,406.53424072265625
2024-01-16,467.5086975097656,69.6756820678711,406.4945373535156
2024-01-17,464.9100036621094,69.5132827758789,404.2015686035156
2024-01-18,469.0443420410156,69.4177474975586,409.93890380859375
2024-01-19,474.89154052734375,69.4177474975586,418.06842041015625
2024-01-22,475.8956298828125,69.53237915039062,418.6143798828125
2024-01-23,477.2835388183594,69.3699951171875,420.3514099121094
2024-01-24,477.8052673339844,69.22669219970703,422.6839904785156
2024-01-25,480.40399169921875,69.55146789550781,423.20025634765625
2024-01-26,479.7937316894531,69.44639587402344,420.678955078125
2024-01-29,483.5933532714844,69.72342681884766,424.9869079589844
2024-01-30,483.2193298339844,69.84761047363281,422.157958984375
2024-01-31,475.3345031738281,70.14373779296875,413.8895263671875
2024-02-01,481.5557556152344,70.56717681884766,418.76324462890625
2024-02-02,486.6252746582031,69.93489837646484,425.8405456542969
2024-02-05,484.8533935546875,69.37923431396484,425.28472900390625
2024-02-06,486.26104736328125,69.7049560546875,424.43109130859375
2024-02-07,490.316650390625,69.57084655761719,428.7985534667969
2024-02-08,490.5332336425781,69.38882446289062,429.5926818847656
2024-02-09,493.3682556152344,69.33132934570312,433.8211364746094
2024-02-12,493.15167236328125,69.3504867553711,432.1238098144531
2024-02-13,486.35943603515625,68.7469482421875,425.38397216796875
2024-02-14,490.7793273925781,69.00560760498047,430.0194396972656
2024-02-15,494.1655578613281,69.1972427368164,431.2999267578125
2024-02-16,491.70465087890625,68.97688293457031,427.3890075683594
2024-02-20,488.9976501464844,69.06309509277344,424.1630554199219
2024-02-21,489.4405822753906,68.87149810791016,422.4656677246094
2024-02-22,499.56976318359375,68.9002456665039,434.8336181640625
2024-02-23,499.9143371582031,69.14932250976562,433.55316162109375
2024-02-26,498.0833435058594,69.02477264404297,433.3247985839844
2024-02-27,499.0086975097656,68.91938781738281,434.3670959472656
2024-02-28,498.34918212890625,69.07266235351562,432.0542907714844
2024-02-29,500.1407470703125,69.18765258789062,435.75677490234375
2024-03-01,504.8361511230469,69.47777557373047,442.3179016113281
2024-03-04,504.2947692871094,69.31444549560547,440.7396545410156
2024-03-05,499.2547607421875,69.68911743164062,432.8285217285156
2024-03-06,501.7846374511719,69.81401824951172,435.54827880859375
2024-03-07,506.76556396484375,69.9292984008789,442.15911865234375
2024-03-08,503.72381591796875,69.99654388427734,435.776611328125
2024-03-11,503.2907409667969,69.96772766113281,434.1586608886719
2024-03-12,508.704833984375,69.75636291503906,440.38238525390625
2024-03-13,507.907470703125,69.6410903930664,436.9975280761719
2024-03-14,506.9034118652344,69.22798919677734,435.8957214355469
2024-03-15,503.42266845703125,69.18955993652344,430.71429443359375
2024-03-18,506.4145812988281,69.10311126708984,434.82220458984375
2024-03-19,509.22882080078125,69.28563690185547,435.9056091308594
2024-03-20,513.9388427734375,69.41051483154297,441.073974609375
2024-03-21,515.63720703125,69.4681625366211,443.1612243652344
2024-03-22,514.65966796875,69.69873046875,443.66815185546875
2024-03-25,513.23779296875,69.56423950195312,442.0579528808594
2024-03-26,512.289794921875,69.62187194824219,440.626708984375
2024-03-27,516.5950927734375,69.86204528808594,442.12750244140625
2024-03-28,516.496337890625,69.77558898925781,441.3125
2024-04-01,515.59765625,69.29959106445312,442.2468566894531
2024-04-02,512.3195190429688,69.22249603271484,438.43011474609375
2024-04-03,512.8822631835938,69.27066040039062,439.41412353515625
2024-04-04,506.6219787597656,69.41521453857422,432.6951599121094
2024-04-05,511.91455078125,69.06832885742188,437.7940368652344
2024-04-08,512.200927734375,69.0105209350586,437.9232482910156
2024-04-09,512.79345703125,69.26103210449219,439.5433044433594
2024-04-10,507.65875244140625,68.45164489746094,435.706787109375
2024-04-11,511.4900207519531,68.45164489746094,442.66424560546875
2024-04-12,504.4298400878906,68.6058120727539,435.60736083984375
2024-04-15,498.11029052734375,68.15294647216797,428.4411926269531
2024-04-16,497.20184326171875,67.9795150756836,428.48095703125
2024-04-17,494.25927734375,68.3071060180664,423.2528991699219
2024-04-18,493.2422790527344,68.12403106689453,420.83770751953125
2024-04-19,488.9370422363281,68.21076202392578,412.1308898925781
2024-04-22,493.4397277832031,68.23966979980469,416.2755432128906
2024-04-23,499.2951965332031,68.36492919921875,422.48760986328125
2024-04-24,499.0582275390625,68.19148254394531,423.9188232421875
2024-04-25,497.162353515625,67.99877166748047,421.8713684082031
2024-04-26,501.8724365234375,68.15294647216797,428.3815612792969
2024-04-29,503.6498107910156,68.35528564453125,430.1209411621094
2024-04-30,495.6713562011719,68.09513854980469,422.010498046875
2024-05-01,494.06182861328125,68.34062194824219,418.9591064453125
2024-05-02,498.6830139160156,68.6112289428711,424.3064270019531
2024-05-03,504.86431884765625,68.95916748046875,432.8343505859375
2024-05-06,510.0780029296875,69.02680969238281,437.5753479003906
2024-05-07,510.6408386230469,69.1621322631836,437.6449279785156
2024-05-08,510.6901550292969,68.99783325195312,437.3865051269531
2024-05-09,513.6326904296875,69.18146514892578,438.3406677246094
2024-05-10,514.2943115234375,68.98814392089844,439.3743591308594
2024-05-13,514.3634033203125,69.04615783691406,440.38812255859375
2024-05-14,516.7233276367188,69.2491226196289,443.2208557128906
2024-05-15,523.1220092773438,69.69371795654297,450.1485290527344
2024-05-16,522.0455932617188,69.57772064208984,449.234130859375
2024-05-17,522.7960815429688,69.40375518798828,449.01544189453125
2024-05-20,523.3984375,69.33609771728516,452.14630126953125
2024-05-21,524.68212890625,69.4810791015625,453.0308532714844
2024-05-22,523.17138671875,69.39409637451172,452.94146728515625
2024-05-23,519.3499755859375,69.19111633300781,450.9039306640625
2024-05-24,522.7862548828125,69.26844024658203,455.1678466796875
2024-05-28,523.151611328125,68.93984985351562,456.8872985839844
2024-05-29,519.4882202148438,68.68856811523438,453.6670227050781
2024-05-30,516.0420532226562,68.98814392089844,448.8067321777344
2024-05-31,520.7421875,69.23945617675781,447.9718017578125
2024-06-03,521.1668701171875,69.62627410888672,450.3771057128906
2024-06-04,521.7494506835938,69.88802337646484,451.60955810546875
2024-06-05,527.950439453125,70.08191680908203,460.7139587402344
2024-06-06,527.9406127929688,70.09161376953125,460.5549011230469
2024-06-07,527.298828125,69.52932739257812,460.14739990234375
2024-06-10,528.9280395507812,69.42267608642578,462.00604248046875
2024-06-11,530.2018432617188,69.70381927490234,465.1766052246094
2024-06-12,534.5564575195312,70.02375030517578,471.2694091796875
2024-06-13,535.6326904296875,70.33396911621094,473.82379150390625
2024-06-14,535.9585571289062,70.44062042236328,476.2787780761719
2024-06-17,540.2242431640625,70.17886352539062,482.11309814453125
2024-06-18,541.5967407226562,70.42121887207031,482.26220703125
2024-06-20,540.1255493164062,70.28548431396484,478.5449523925781
2024-06-21,539.4014282226562,70.30488586425781,477.2627868652344
2024-06-24,537.64794921875,70.34367370605469,471.8293151855469
2024-06-25,539.7184448242188,70.3824462890625,477.2249755859375
2024-06-26,540.39208984375,70.05282592773438,478.2104797363281
2024-06-27,541.2439575195312,70.17886352539062,479.4449157714844
2024-06-28,539.1140747070312,69.8492431640625,476.9561462402344
2024-07-01,540.2236328125,69.4806900024414,479.7535400390625
2024-07-02,543.8591918945312,69.68490600585938,484.7908020019531
2024-07-03,546.2862548828125,70.0835952758789,488.8325500488281
2024-07-05,549.4363403320312,70.40450286865234,493.92950439453125
2024-07-08,550.0703735351562,70.40450286865234,495.10418701171875
2024-07-09,550.6053466796875,70.37533569335938,495.5322570800781
2024-07-10,556.0537109375,70.43368530273438,500.6989440917969
2024-07-11,551.259033203125,70.78375244140625,489.7185363769531
2024-07-12,554.7361450195312,70.96852111816406,492.5955505371094
2024-07-15,556.2617797851562,70.74485778808594,493.9195556640625
2024-07-16,559.5604248046875,71.01714324951172,494.10870361328125
2024-07-17,551.7147827148438,71.08521270751953,479.60418701171875
2024-07-18,547.4749145507812,70.90045166015625,477.3344421386719
2024-07-19,543.83935546875,70.7156753540039,473.10357666015625
2024-07-22,549.4463500976562,70.68651580810547,480.1517333984375
2024-07-23,548.5844116210938,70.69623565673828,478.4593811035156
2024-07-24,536.1521606445312,70.49201965332031,461.296875
2024-07-25,533.358642578125,70.64762115478516,456.2098388671875
2024-07-26,539.33203125,70.92961883544922,460.8887023925781
2024-07-29,539.6491088867188,71.01714324951172,461.8145446777344
2024-07-30,536.9149169921875,71.10466766357422,455.4731750488281
2024-07-31,545.6422729492188,71.49363708496094,468.9523010253906
2024-08-01,537.91552734375,71.76090240478516,457.5935974121094
2024-08-02,527.9003295898438,72.58023834228516,446.7326354980469
2024-08-05,512.5259399414062,72.51197052001953,433.41278076171875
2024-08-06,517.251220703125,72.06327056884766,437.5540771484375
2024-08-07,513.7939453125,71.8876953125,432.8154602050781
2024-08-08,525.6714477539062,71.78041076660156,446.0556945800781
2024-08-09,527.989501953125,72.03401947021484,448.38519287109375
2024-08-12,528.2669067382812,72.16080474853516,449.350830078125
2024-08-13,536.9545288085938,72.43394470214844,460.5004577636719
2024-08-14,538.6485595703125,72.57049560546875,460.6498107910156
2024-08-15,547.881103515625,72.26811218261719,472.28729248046875
2024-08-16,549.1094360351562,72.42417907714844,472.8945007324219
2024-08-19,554.3597412109375,72.51197052001953,479.1064453125
2024-08-20,553.4583129882812,72.72654724121094,478.10101318359375
2024-08-21,555.3602905273438,72.88262176513672,480.3309326171875
2024-08-22,551.0015258789062,72.5899887084961,472.71533203125
2024-08-23,556.8561401367188,72.9118881225586,477.8421325683594
2024-08-26,555.5286254882812,72.83385467529297,473.2030944824219
2024-08-27,556.2914428710938,72.83385467529297,474.6167297363281
2024-08-28,553.0620727539062,72.78507232666016,469.23101806640625
2024-08-29,553.1115112304688,72.67778015136719,468.5441589355469
2024-08-30,558.3915405273438,72.5314712524414,474.1289367675781
2024-09-03,546.900390625,72.84063720703125,459.7339172363281
2024-09-04,545.7809448242188,73.16349792480469,458.539306640625
2024-09-05,544.4535522460938,73.33961486816406,458.9674072265625
2024-09-06,535.2903442382812,73.42767333984375,446.67291259765625
2024-09-09,541.2835693359375,73.52550506591797,452.4169921875
2024-09-10,543.6412353515625,73.77009582519531,456.5981140136719
2024-09-11,549.2183837890625,73.73097229003906,466.5133361816406
2024-09-12,553.8446044921875,73.65270233154297,471.0926513671875
2024-09-13,556.7371826171875,73.80924224853516,473.2030944824219
2024-09-16,557.5594482421875,74.00492095947266,471.112548828125
2024-09-17,557.7872924804688,73.90708923339844,471.3614196777344
2024-09-18,556.1329956054688,73.68204498291016,469.3206481933594
2024-09-19,565.623046875,73.68204498291016,481.1870422363281
2024-09-20,564.6453247070312,73.6722640991211,480.27117919921875
2024-09-23,566.0562744140625,73.62334442138672,481.54425048828125
2024-09-24,567.6759033203125,73.71139526367188,483.86700439453125
2024-09-25,566.4239501953125,73.43745422363281,484.31561279296875
2024-09-26,568.6696166992188,73.43745422363281,487.9543151855469
2024-09-27,567.8448486328125,73.65270233154297,485.24273681640625
2024-09-30,570.120361328125,73.48636627197266,486.5586853027344
2024-10-01,565.012939453125,73.7032241821289,479.7796936035156
2024-10-02,565.25146484375,73.56585693359375,480.4576110839844
2024-10-03,564.2180786132812,73.24203491210938,480.0987243652344
2024-10-04,569.3452758789062,72.76121520996094,485.81097412109375
2024-10-07,564.1981811523438,72.54532623291016,480.6071472167969
2024-10-08,569.5341186523438,72.65326690673828,487.78485107421875
2024-10-09,573.4789428710938,72.45702362060547,491.6229248046875
2024-10-10,572.475341796875,72.42758178710938,491.0646667480469
2024-10-11,575.9034423828125,72.43738555908203,491.832275390625
2024-10-14,580.6134033203125,72.38831329345703,495.9594421386719
2024-10-15,576.1021728515625,72.67289733886719,489.3300476074219
2024-10-16,578.606201171875,72.77102661132812,489.3898620605469
2024-10-17,578.6558227539062,72.41777801513672,489.7287902832031
2024-10-18,580.8816528320312,72.45702362060547,492.9388427734375
2024-10-21,579.927734375,71.96637725830078,493.88592529296875
2024-10-22,579.6197509765625,71.99581909179688,494.4242248535156
2024-10-23,574.3235473632812,71.8191909790039,486.84771728515625
2024-10-24,575.5655517578125,71.93694305419922,490.7955017089844
2024-10-25,575.3668212890625,71.78975677490234,493.7862243652344
2024-10-28,577.1455688476562,71.70144653320312,493.865966796875
2024-10-29,578.0795288085938,71.76031494140625,498.6112365722656
2024-10-30,576.3307495117188,71.6916275024414,494.8429260253906
2024-10-31,565.0328979492188,71.68181610107422,482.35174560546875
2024-11-01,567.4176025390625,71.40423583984375,485.9206237792969
2024-11-04,566.1953735351562,71.689697265625,484.5050354003906
2024-11-05,573.041748046875,71.86686706542969,490.68585205078125
2024-11-06,587.290771484375,71.2762680053711,504.014404296875
2024-11-07,591.8317260742188,71.80780029296875,511.9497375488281
2024-11-08,594.3953857421875,71.94561767578125,512.5479736328125
2024-11-11,594.9617309570312,71.80780029296875,512.2489013671875
2024-11-12,593.1136474609375,71.37470245361328,511.32171630859375
2024-11-13,593.4017333984375,71.34516906738281,510.6637878417969
2024-11-14,589.5860595703125,71.32548522949219,507.1148376464844
2024-11-15,582.0343017578125,71.34516906738281,495.0323486328125
2024-11-18,584.4190673828125,71.41407012939453,498.4716491699219
2024-11-19,586.555419921875,71.54203796386719,501.9010009765625
2024-11-20,586.754150390625,71.46328735351562,501.6119079589844
2024-11-21,589.904052734375,71.42390441894531,503.41632080078125
2024-11-22,591.732421875,71.45343780517578,504.2237854003906
2024-11-25,593.7396240234375,72.11295318603516,505.02130126953125
2024-11-26,596.8397827148438,71.98499298095703,507.7328796386719
2024-11-27,595.0313110351562,72.1818618774414,503.73529052734375
2024-11-29,598.7277221679688,72.44762420654297,508.1615295410156
2024-12-02,599.8009033203125,72.4900894165039,513.6943359375
2024-12-03,600.0790405273438,72.32223510742188,515.2694702148438
2024-12-04,603.8052978515625,72.5690689086914,521.6397094726562
2024-12-05,602.8116455078125,72.57894897460938,520.1942138671875
2024-12-06,603.954345703125,72.77641296386719,524.8497314453125
2024-12-09,600.8441772460938,72.55919647216797,520.762451171875
2024-12-10,598.9761352539062,72.48021697998047,518.9879150390625
2024-12-11,603.6065673828125,72.32223510742188,528.279052734375
2024-12-12,600.4964599609375,72.0359115600586,524.86962890625
2024-12-13,600.3772583007812,71.74958038330078,528.88720703125
2024-12-16,602.9407958984375,71.82856750488281,536.5035400390625
2024-12-17,600.4566650390625,71.83843994140625,534.1408081054688
2024-12-18,582.5609741210938,71.2756576538086,514.8706665039062
2024-12-19,582.3820190429688,71.07820129394531,512.5778198242188
2024-12-20,589.3770751953125,71.29541778564453,517.053955078125
2024-12-23,592.9064331054688,71.06832122802734,522.0914306640625
2024-12-24,599.49658203125,71.17034912109375,529.1708984375
2024-12-26,599.5364990234375,71.21987915039062,528.8114013671875
2024-12-27,593.2254638671875,71.07129669189453,521.7818603515625
2024-12-30,586.455810546875,71.34864807128906,514.8422241210938
2024-12-31,584.322265625,71.22978210449219,510.4687805175781
2025-01-02,582.8865966796875,71.2594985961914,509.4702453613281
2025-01-03,590.1746215820312,71.17034912109375,517.8078002929688
2025-01-06,593.5744018554688,71.10101318359375,523.7589111328125
2025-01-07,586.8646240234375,70.8533706665039,514.412841796875
2025-01-08,587.7219848632812,70.9326171875,514.5027465820312
2025-01-10,578.7489624023438,70.56611633300781,506.4347839355469
2025-01-13,579.6463012695312,70.49678039550781,504.80718994140625
2025-01-14,580.4439086914062,70.54631042480469,504.3279113769531
2025-01-15,591.002197265625,71.11092376708984,515.9306030273438
2025-01-16,589.8656005859375,71.24960327148438,512.3160400390625
2025-01-17,595.7877807617188,71.26940155029297,520.9630737304688
2025-01-21,601.2413330078125,71.47742462158203,524.0185546875
2025-01-22,604.6211547851562,71.32884216308594,530.7185668945312
2025-01-23,607.9212646484375,71.21987915039062,531.8468627929688
2025-01-24,606.1465454101562,71.35855865478516,528.8413696289062
2025-01-27,597.5723876953125,71.7349624633789,513.4443359375
2025-01-28,602.7069702148438,71.6953353881836,521.0330200195312
2025-01-29,600.0050659179688,71.65571594238281,520.0545043945312
2025-01-30,603.225341796875,71.75476837158203,522.2711181640625
2025-01-31,600.0150146484375,71.65571594238281,521.5122680664062
2025-02-03,595.9771728515625,71.7203140258789,517.3385009765625
2025-02-04,599.9751586914062,71.81968688964844,523.6890258789062
2025-02-05,602.4077758789062,72.18738555908203,526.0654907226562
2025-02-06,604.5015258789062,72.10787963867188,528.8114013671875
2025-02-07,598.9682006835938,71.88925170898438,522.141357421875
2025-02-10,603.035888671875,71.90913391113281,528.4619140625
2025-02-11,603.4945678710938,71.78987121582031,527.2037963867188
2025-02-12,601.5504150390625,71.42218017578125,527.5133056640625
2025-02-13,607.9013061523438,71.84950256347656,535.10205078125
2025-02-14,607.8713989257812,72.07807159423828,537.3486938476562
2025-02-18,609.656005859375,71.80975341796875,538.5668334960938
2025-02-19,611.0916748046875,71.90913391113281,538.7166748046875
2025-02-20,608.5493774414062,71.99856567382812,536.4299926757812
2025-02-21,598.1406860351562,72.31657409667969,525.296630859375
2025-02-24,595.4188842773438,72.41595458984375,519.0958862304688
2025-02-25,592.457763671875,72.87308502197266,512.5556640625
2025-02-26,592.7568359375,72.9823989868164,513.7938232421875
2025-02-27,583.2952880859375,72.89295959472656,499.5250549316406
2025-02-28,592.39794921875,73.20103454589844,507.413330078125
2025-03-03,582.0191650390625,73.36947631835938,496.3098449707031
2025-03-04,575.1298828125,73.16016387939453,494.8121032714844
2025-03-05,581.311279296875,72.90101623535156,501.2624816894531
2025-03-06,570.9923706054688,72.8412094116211,487.4730529785156
2025-03-07,574.1926879882812,72.76146697998047,491.0577087402344
2025-03-10,558.8987426757812,73.10035705566406,472.0260925292969
2025-03-11,554.252685546875,72.82127380371094,470.89776611328125
2025-03-12,557.19384765625,72.67176818847656,476.2098693847656
2025-03-13,549.7661743164062,72.89104461669922,467.6426086425781
2025-03-14,561.1220092773438,72.71163177490234,478.9457702636719
2025-03-17,565.4490356445312,72.81130981445312,482.0511169433594
2025-03-18,559.33740234375,72.89104461669922,473.8334045410156
2025-03-19,565.4290771484375,73.1103286743164,480.1739501953125
2025-03-20,563.7940063476562,73.14022827148438,478.5463562011719
2025-03-21,563.97998046875,73.0804214477539,480.1239929199219
2025-03-24,574.0800170898438,72.76146697998047,490.6600036621094
2025-03-25,575.4600219726562,72.8511734008789,493.4599914550781
2025-03-26,568.5900268554688,72.69169616699219,484.3800048828125
2025-03-27,567.0800170898438,72.66179656982422,481.6199951171875
2025-03-28,555.6599731445312,73.0804214477539,468.94000244140625
2025-03-31,559.3900146484375,73.20999908447266,468.9200134277344
2025-04-01,560.969970703125,73.44000244140625,472.70001220703125
2025-04-02,564.52001953125,73.37999725341797,476.1499938964844
2025-04-03,536.7000122070312,73.76000213623047,450.6600036621094
2025-04-04,505.2799987792969,73.81999969482422,422.6700134277344
2025-04-07,502.7300109863281,73.27999877929688,422.7799987792969
